{
  "name": "InstanceOf",
  "translation_key": "%1 instanceOf %2",
  "type": 1,
  "color": [
    0.4470588266849518,
    0.09803921729326248,
    0.3843137323856354,
    1.0
  ],
  "category": "Object",
  "category_index": 23,
  "world_dependency": false,
  "type_index": 8,
  "versions": [
    "1.18.2_Forge"
  ],
  "components": {
    "Object": {
      "type": 0,
      "variable_type": "EriObject",
      "variable_index": 8
    },
    "instance": {
      "type": 3,
      "dropdown_options": [
        "Block",
        "Direction",
        "Entity",
        "Item",
        "Boolean",
        "Number",
        "String"
      ]
    }
  }
}