{
  "name": "ObjectEqual",
  "translation_key": "%1 %2 %3",
  "type": 1,
  "color": [
    0.4470588266849518,
    0.09803921729326248,
    0.3843137323856354,
    1.0
  ],
  "category": "Object",
  "category_index": 23,
  "world_dependency": false,
  "type_index": 8,
  "versions": [
    "1.18.2_Forge"
  ],
  "components": {
    "ObjectOne": {
      "type": 0,
      "variable_type": "EriObject",
      "variable_index": 8
    },
    "type": {
      "type": 3,
      "dropdown_options": [
        "==",
        "!=",
        "<=",
        ">=",
        "<<",
        ">>"
      ]
    },
    "ObjectTwo": {
      "type": 0,
      "variable_type": "EriObject",
      "variable_index": 8
    }
  }
}