{
  "name": "ObjectArrayList",
  "translation_key": "Get %1 on the Object ArrayList",
  "type": 1,
  "color": [
    0.4470588266849518,
    0.09803921729326248,
    0.3843137323856354,
    1.0
  ],
  "category": "Object",
  "category_index": 23,
  "world_dependency": false,
  "type_index": 8,
  "versions": [
    "1.18.2_Forge"
  ],
  "components": {
    "Number": {
      "type": 0,
      "variable_type": "Number",
      "variable_index": 5,
      "default_value": 0.0
    }
  }
}